number,type
1,Transfer
10,Refund
11,Transfer
12,Refund
13,Transfer
14,Refund
15,Transfer
16,Refund
17,Transfer
18,Refund
100,Refund
101,Transfer
102,Refund
103,Transfer
104,Refund
105,Transfer
106,Refund
107,Transfer
108,Refund
109,Transfer
110,Refund
111,Transfer
112,Refund
113,Transfer
114,Refund
115,Transfer
116,Refund
117,Transfer
118,Refund
119,Transfer
120,Refund
121,Transfer
122,Refund
123,Transfer
124,Refund
125,Transfer
126,Refund
127,Transfer
128,Refund
129,Transfer
130,Refund
131,Transfer
132,Refund
133,Transfer
134,Refund
135,Transfer
136,Refund
137,Transfer
138,Refund
139,Transfer
140,Refund
141,Transfer
142,Refund
143,Transfer
144,Refund
145,Transfer
146,Refund
147,Transfer
148,Refund
149,Transfer
150,Refund
151,Transfer
152,Refund
153,Transfer
154,Refund
155,Transfer
156,Refund
157,Transfer
158,Refund
159,Transfer
160,Refund
161,Transfer
162,Refund
163,Transfer
164,Refund
165,Transfer
166,Refund
167,Transfer
168,Refund
169,Transfer
170,Refund
171,Transfer
172,Refund
173,Transfer
174,Refund
175,Transfer
176,Refund
177,Transfer
178,Refund
179,Transfer
180,Refund
181,Transfer
182,Refund
183,Transfer
184,Refund
185,Transfer
186,Refund
187,Transfer
188,Refund
189,Transfer
2,Refund
19,Transfer
20,Refund
21,Transfer
22,Refund
23,Transfer
24,Refund
25,Transfer
26,Refund
27,Transfer
190,Refund
191,Transfer
192,Refund
193,Transfer
194,Refund
195,Transfer
196,Refund
197,Transfer
198,Refund
199,Transfer
200,Refund
201,Transfer
202,Refund
203,Transfer
204,Refund
205,Transfer
206,Refund
207,Transfer
208,Refund
209,Transfer
210,Refund
211,Transfer
212,Refund
213,Transfer
214,Refund
215,Transfer
216,Refund
217,Transfer
218,Refund
219,Transfer
220,Refund
221,Transfer
222,Refund
223,Transfer
224,Refund
225,Transfer
226,Refund
227,Transfer
228,Refund
229,Transfer
230,Refund
231,Transfer
232,Refund
233,Transfer
234,Refund
235,Transfer
236,Refund
237,Transfer
238,Refund
239,Transfer
240,Refund
241,Transfer
242,Refund
243,Transfer
244,Refund
245,Transfer
246,Refund
247,Transfer
248,Refund
249,Transfer
250,Refund
251,Transfer
252,Refund
253,Transfer
254,Refund
255,Transfer
256,Refund
257,Transfer
258,Refund
259,Transfer
260,Refund
261,Transfer
262,Refund
263,Transfer
264,Refund
265,Transfer
266,Refund
267,Transfer
268,Refund
269,Transfer
270,Refund
271,Transfer
272,Refund
273,Transfer
274,Refund
275,Transfer
276,Refund
277,Transfer
278,Refund
279,Transfer
3,Transfer
28,Refund
29,Transfer
30,Refund
31,Transfer
32,Refund
33,Transfer
34,Refund
35,Transfer
36,Refund
280,Refund
281,Transfer
282,Refund
283,Transfer
284,Refund
285,Transfer
286,Refund
287,Transfer
288,Refund
289,Transfer
290,Refund
291,Transfer
292,Refund
293,Transfer
294,Refund
295,Transfer
296,Refund
297,Transfer
298,Refund
299,Transfer
300,Refund
301,Transfer
302,Refund
303,Transfer
304,Refund
305,Transfer
306,Refund
307,Transfer
308,Refund
309,Transfer
310,Refund
311,Transfer
312,Refund
313,Transfer
314,Refund
315,Transfer
316,Refund
317,Transfer
318,Refund
319,Transfer
320,Refund
321,Transfer
322,Refund
323,Transfer
324,Refund
325,Transfer
326,Refund
327,Transfer
328,Refund
329,Transfer
330,Refund
331,Transfer
332,Refund
333,Transfer
334,Refund
335,Transfer
336,Refund
337,Transfer
338,Refund
339,Transfer
340,Refund
341,Transfer
342,Refund
343,Transfer
344,Refund
345,Transfer
346,Refund
347,Transfer
348,Refund
349,Transfer
350,Refund
351,Transfer
352,Refund
353,Transfer
354,Refund
355,Transfer
356,Refund
357,Transfer
358,Refund
359,Transfer
360,Refund
361,Transfer
362,Refund
363,Transfer
364,Refund
365,Transfer
366,Refund
367,Transfer
368,Refund
369,Transfer
4,Refund
37,Transfer
38,Refund
39,Transfer
40,Refund
41,Transfer
42,Refund
43,Transfer
44,Refund
45,Transfer
370,Refund
371,Transfer
372,Refund
373,Transfer
374,Refund
375,Transfer
376,Refund
377,Transfer
378,Refund
379,Transfer
380,Refund
381,Transfer
382,Refund
383,Transfer
384,Refund
385,Transfer
386,Refund
387,Transfer
388,Refund
389,Transfer
390,Refund
391,Transfer
392,Refund
393,Transfer
394,Refund
395,Transfer
396,Refund
397,Transfer
398,Refund
399,Transfer
400,Refund
401,Transfer
402,Refund
403,Transfer
404,Refund
405,Transfer
406,Refund
407,Transfer
408,Refund
409,Transfer
410,Refund
411,Transfer
412,Refund
413,Transfer
414,Refund
415,Transfer
416,Refund
417,Transfer
418,Refund
419,Transfer
420,Refund
421,Transfer
422,Refund
423,Transfer
424,Refund
425,Transfer
426,Refund
427,Transfer
428,Refund
429,Transfer
430,Refund
431,Transfer
432,Refund
433,Transfer
434,Refund
435,Transfer
436,Refund
437,Transfer
438,Refund
439,Transfer
440,Refund
441,Transfer
442,Refund
443,Transfer
444,Refund
445,Transfer
446,Refund
447,Transfer
448,Refund
449,Transfer
450,Refund
451,Transfer
452,Refund
453,Transfer
454,Refund
455,Transfer
456,Refund
457,Transfer
458,Refund
459,Transfer
5,Transfer
6,Refund
7,Transfer
8,Refund
46,Refund
47,Transfer
48,Refund
49,Transfer
50,Refund
51,Transfer
52,Refund
53,Transfer
54,Refund
55,Transfer
56,Refund
57,Transfer
58,Refund
59,Transfer
60,Refund
61,Transfer
62,Refund
63,Transfer
64,Refund
65,Transfer
66,Refund
67,Transfer
68,Refund
69,Transfer
70,Refund
71,Transfer
72,Refund
73,Transfer
74,Refund
75,Transfer
76,Refund
77,Transfer
78,Refund
79,Transfer
80,Refund
81,Transfer
82,Refund
83,Transfer
84,Refund
85,Transfer
86,Refund
87,Transfer
88,Refund
460,Refund
461,Transfer
462,Refund
463,Transfer
464,Refund
465,Transfer
466,Refund
467,Transfer
468,Refund
469,Transfer
470,Refund
471,Transfer
472,Refund
473,Transfer
474,Refund
475,Transfer
476,Refund
477,Transfer
478,Refund
479,Transfer
480,Refund
481,Transfer
482,Refund
483,Transfer
484,Refund
485,Transfer
486,Refund
487,Transfer
488,Refund
489,Transfer
490,Refund
491,Transfer
492,Refund
493,Transfer
494,Refund
495,Transfer
496,Refund
497,Transfer
498,Refund
499,Transfer
500,Refund
501,Transfer
502,Refund
503,Transfer
504,Refund
505,Transfer
506,Refund
507,Transfer
508,Refund
509,Transfer
510,Refund
511,Transfer
512,Refund
9,Transfer
89,Transfer
90,Refund
91,Transfer
92,Refund
93,Transfer
94,Refund
95,Transfer
96,Refund
97,Transfer
98,Refund
99,Transfer
